path,label,width,height,mode,preprocessing_time_seconds,feature_extraction_time_seconds,total_time_seconds,feature_count
data/raw/real/IMG-20250616-WA0030.jpg,0,1040,867,RGB,0.006460000000000132,0.06752858300000009,0.07398858300000022,91
data/raw/real/IMG-20250619-WA0019.jpg,0,960,960,RGB,0.0067549170000000824,0.048932125000000104,0.055687042000000186,91
data/raw/real/IMG-20250620-WA0018.jpeg,0,3840,2160,RGB,0.05209741600000006,0.04661654100000012,0.09871395700000019,91
data/raw/real/IMG-20250620-WA0020.jpeg,0,3840,2160,RGB,0.04981229200000037,0.047649583999999745,0.09746187600000011,91
data/raw/real/IMG-20250621-WA0006.jpg,0,1600,720,RGB,0.007706999999999908,0.0465887920000001,0.05429579200000001,91
data/raw/real/IMG-20250629-WA0000.jpg,0,720,1280,RGB,0.007270292000000289,0.04682983399999996,0.05410012600000025,91
data/raw/real/IMG-20250714-WA0005.jpg,0,720,1280,RGB,0.00728541699999985,0.047594000000000136,0.054879416999999986,91
data/raw/real/IMG-20250715-WA0002.jpg,0,1160,868,RGB,0.007059041999999849,0.04727199999999998,0.05433104199999983,91
data/raw/real/IMG-20250715-WA0016.jpg,0,1065,1280,RGB,0.009456750000000014,0.046454333999999875,0.05591108399999989,91
data/raw/real/IMG-20250721-WA0005.jpeg,0,2296,4080,RGB,0.06023466700000002,0.0482372080000002,0.10847187500000022,91
data/raw/real/IMG-20250722-WA0001.jpg,0,1280,720,RGB,0.0063005419999999646,0.046147833999999666,0.05244837599999963,91
data/raw/real/IMG-20250808-WA0013.jpg,0,1600,900,RGB,0.009487416999999887,0.04676758300000028,0.056255000000000166,91
data/raw/real/IMG-20250814-WA0004.jpeg,0,2296,4080,RGB,0.059150125000000386,0.04636737499999999,0.10551750000000037,91
data/raw/real/IMG-20250829-WA0018.jpg,0,3072,1764,RGB,0.03662050000000017,0.04814879199999966,0.08476929199999983,91
data/raw/real/IMG-20250920-WA0006.jpg,0,1600,720,RGB,0.007634707999999879,0.04760879100000004,0.05524349899999992,91
data/raw/real/IMG-20250926-WA0025.jpeg,0,2296,4080,RGB,0.06342725000000016,0.04740833300000036,0.11083558300000051,91
data/raw/real/IMG-20250926-WA0027.jpeg,0,2296,4080,RGB,0.0584367910000001,0.04630191699999964,0.10473870799999974,91
data/raw/real/IMG-20250926-WA0029.jpeg,0,4080,2296,RGB,0.055564625000000145,0.046828041000000376,0.10239266600000052,91
data/raw/real/IMG-20260117-WA0009.jpeg,0,2160,3840,RGB,0.05205716699999963,0.047666125000000115,0.09972329199999974,91
data/raw/real/IMG-20260117-WA0016.jpeg,0,2160,3840,RGB,0.05193870800000022,0.04738212499999994,0.09932083300000016,91
data/raw/real/IMG-20260120-WA0010.jpg,0,1280,960,RGB,0.00836199999999998,0.04781725000000003,0.056179250000000014,91
data/raw/real/IMG-20260124-WA0001.jpg,0,1599,899,RGB,0.009799915999999964,0.04784800000000011,0.05764791600000008,91
data/raw/real/IMG-20260201-WA0023.jpg,0,1280,960,RGB,0.008361084000000574,0.04606841699999986,0.054429501000000435,91
data/raw/real/IMG-20260214-WA0001.jpeg,0,2160,3840,RGB,0.05214829099999996,0.04686608400000036,0.09901437500000032,91
data/raw/real/IMG-20260302-WA0004.jpeg,0,2160,3840,RGB,0.05211933399999946,0.04702258299999951,0.09914191699999897,91
data/raw/real/IMG-20260304-WA0011.jpeg,0,2160,3840,RGB,0.051879458000000156,0.04851783300000001,0.10039729100000017,91
data/raw/real/IMG-20260304-WA0020.jpg,0,4096,3072,RGB,0.0777347500000003,0.04760870799999939,0.12534345799999969,91
data/raw/real/IMG-20260319-WA0007.jpg,0,899,1599,RGB,0.01056491700000084,0.04612716699999986,0.0566920840000007,91
data/raw/real/IMG-20260319-WA0010.jpg,0,3072,4096,RGB,0.07608379200000037,0.04588150000000013,0.1219652920000005,91
data/raw/real/IMG-20260320-WA0027.jpeg,0,2160,3840,RGB,0.05211933400000035,0.04833712499999976,0.10045645900000011,91
data/raw/real/IMG-20260324-WA0012.jpeg,0,2160,3840,RGB,0.05210587500000052,0.047601584000000585,0.09970745900000111,91
data/raw/real/IMG-20260324-WA0014.jpeg,0,2160,3840,RGB,0.0522375420000003,0.04776279200000033,0.10000033400000063,91
data/raw/real/IMG-20260325-WA0003.jpeg,0,2160,3840,RGB,0.052015374999999864,0.05015320900000031,0.10216858400000017,91
data/raw/real/IMG-20260327-WA0008.jpg,0,720,1600,RGB,0.010878791999999748,0.050289165999999774,0.06116795799999952,91
data/raw/real/IMG-20260328-WA0007.jpg,0,1200,1600,RGB,0.013635749999999724,0.04718700000000009,0.060822749999999814,91
data/raw/real/IMG-20260329-WA0006.jpg,0,720,1600,RGB,0.009211542000000073,0.04705287500000033,0.0562644170000004,91
data/raw/real/IMG-20260329-WA0007.jpg,0,720,1600,RGB,0.009313125000000255,0.045967832999999736,0.05528095799999999,91
data/raw/real/IMG-20260329-WA0008.jpg,0,720,1600,RGB,0.009131958000000218,0.04623424999999948,0.055366207999999695,91
data/raw/real/IMG-20260329-WA0009.jpg,0,720,1600,RGB,0.00918395800000038,0.045396375000000155,0.054580333000000536,91
data/raw/real/IMG-20260329-WA0010.jpg,0,720,1600,RGB,0.009224332999999696,0.04580495800000062,0.05502929100000031,91
data/raw/real/IMG-20260329-WA0011.jpg,0,720,1600,RGB,0.009089125000000031,0.04639050000000022,0.055479625000000254,91
data/raw/real/IMG-20260329-WA0023.jpeg,0,2160,3840,RGB,0.052668707999999675,0.04706737500000013,0.09973608299999981,91
data/raw/real/IMG-20260329-WA0030.jpg,0,1204,1600,RGB,0.013851250000000093,0.048295708999999576,0.06214695899999967,91
data/raw/real/IMG-20260402-WA0012.jpeg,0,2160,3840,RGB,0.05252004200000027,0.0474474589999998,0.09996750100000007,91
data/raw/real/IMG-20260404-WA0006.jpeg,0,2160,3840,RGB,0.05266787500000003,0.04759608300000018,0.10026395800000021,91
data/raw/real/IMG-20260404-WA0012.jpeg,0,3840,2160,RGB,0.04976908300000016,0.04746149999999982,0.09723058299999998,91
data/raw/real/IMG-20260411-WA0002.jpg,0,1280,960,RGB,0.00858391600000008,0.04937604099999948,0.05795995699999956,91
data/raw/real/IMG-20260411-WA0005.jpg,0,1280,960,RGB,0.00845670899999984,0.048359624999999795,0.056816333999999635,91
data/raw/real/IMG-20260411-WA0007.jpg,0,1280,960,RGB,0.008515500000000564,0.04835733400000031,0.05687283400000087,91
data/raw/real/IMG-20260414-WA0000.jpg,0,1600,1248,RGB,0.013231292000000394,0.04674229100000016,0.05997358300000055,91
data/raw/real/IMG-20260501-WA0003.jpg,0,1200,1600,RGB,0.013466457999999903,0.04715737500000028,0.06062383300000018,91
data/raw/real/IMG-20260501-WA0005.jpg,0,720,1600,RGB,0.009156457999999645,0.046412791999999925,0.05556924999999957,91
data/raw/real/IMG-20260506-WA0006.jpg,0,1599,899,RGB,0.009680583999999826,0.04622295799999954,0.05590354199999936,91
data/raw/real/IMG-20260506-WA0007.jpg,0,1599,899,RGB,0.009703584000000376,0.04800120899999971,0.05770479300000009,91
data/raw/real/IMG-20260511-WA0029.jpg,0,4032,2268,RGB,0.05522766699999959,0.04704966700000046,0.10227733400000005,91
data/raw/real/IMG-20260511-WA0032.jpg,0,4032,2268,RGB,0.054797082999999525,0.04744374999999934,0.10224083299999887,91
data/raw/real/IMG-20260519-WA0033.jpg,0,1200,1600,RGB,0.013345000000000162,0.04807541699999973,0.061420416999999894,91
data/raw/real/IMG-20260617-WA0000.jpg,0,1280,960,RGB,0.008304499999999493,0.04721891700000036,0.05552341699999985,91
data/raw/real/IMG-20260621-WA0022.jpg,0,1600,1200,RGB,0.013016083000000123,0.04638941700000032,0.059405500000000444,91
data/raw/real/IMG-20260622-WA0003.jpg,0,4096,3072,RGB,0.07538320899999995,0.04662279199999997,0.12200600099999992,91
data/raw/real/IMG-20260622-WA0009.jpg,0,1200,1600,RGB,0.0134633329999998,0.04676329100000043,0.06022662400000023,91
data/raw/real/IMG-20260624-WA0018.jpeg,0,2160,3840,RGB,0.05221145899999957,0.04708858299999985,0.09930004199999942,91
data/raw/real/IMG-20260624-WA0020.jpeg,0,3840,2160,RGB,0.049964832999999764,0.047995041999999266,0.09795987499999903,91
data/raw/real/IMG-20260624-WA0027.jpeg,0,2160,3840,RGB,0.052467749999999924,0.04736733400000048,0.09983508400000041,91
data/raw/real/IMG-20260624-WA0034.jpeg,0,2160,3840,RGB,0.05196966599999975,0.04558458300000012,0.09755424899999987,91
data/raw/real/IMG-20260625-WA0014.jpg,0,1200,1600,RGB,0.013599208000000473,0.04721500000000134,0.06081420800000181,91
data/raw/real/IMG-20260627-WA0016.jpg,0,2160,3840,RGB,0.05243920899999921,0.04671691699999947,0.09915612599999868,91
data/raw/real/IMG_20260117_182926866.jpg,0,3072,4096,RGB,0.07650420899999943,0.04577966599999961,0.12228387499999904,91
data/raw/real/IMG_20260124_185550292.jpg,0,4096,3072,RGB,0.07525075000000037,0.047247999999999735,0.1224987500000001,91
data/raw/real/IMG_20260203_174134687.jpg,0,3072,4080,RGB,0.0759827909999995,0.04624904099999938,0.12223183199999887,91
data/raw/real/IMG_20260205_205126524.jpg,0,3072,4096,RGB,0.07772754199999987,0.04766483299999891,0.12539237499999878,91
data/raw/real/IMG_20260207_192702137.jpg,0,3072,4080,RGB,0.07653204200000019,0.046837207999999464,0.12336924999999965,91
data/raw/real/IMG_20260215_142630930.jpg,0,3072,4080,RGB,0.07560837499999984,0.048202375000000686,0.12381075000000052,91
data/raw/real/IMG_20260215_142930081.jpg,0,3072,4080,RGB,0.07621083299999931,0.04702966700000033,0.12324049999999964,91
data/raw/real/IMG_20260215_150542507.jpg,0,3072,4080,RGB,0.0761460420000013,0.04693979199999987,0.12308583400000117,91
data/raw/real/IMG_20260217_141938210.jpg,0,4080,3072,RGB,0.07521904200000051,0.047067374999999245,0.12228641699999976,91
data/raw/real/IMG_20260220_192151920.jpg,0,3072,4080,RGB,0.07680670800000122,0.04662087499999856,0.12342758299999979,91
data/raw/real/IMG_20260221_212308502.jpg,0,3072,4080,RGB,0.0762656659999994,0.04755987499999925,0.12382554099999865,91
data/raw/real/IMG_20260222_144710999.jpg,0,3072,4096,RGB,0.07708729199999986,0.046714500000000214,0.12380179200000008,91
data/raw/real/IMG_20260316_065735814.jpg,0,3072,4096,RGB,0.07880045800000168,0.04613012499999947,0.12493058300000115,91
data/raw/real/IMG_20260328_161625173.jpg,0,4080,3072,RGB,0.07474208300000029,0.04675287499999925,0.12149495799999954,91
data/raw/real/IMG_20260402_134449298.jpg,0,3072,4096,RGB,0.0772255839999989,0.04818974999999881,0.1254153339999977,91
data/raw/real/IMG_20260404_105338119.jpg,0,3072,4096,RGB,0.07771716699999942,0.04672895900000107,0.12444612600000049,91
data/raw/real/IMG_20260404_122042034.jpg,0,3072,4080,RGB,0.07672999999999952,0.04669225000000132,0.12342225000000084,91
data/raw/real/IMG_20260404_130800020.jpg,0,3280,2464,RGB,0.04945512499999971,0.04650016699999959,0.0959552919999993,91
data/raw/real/IMG_20260404_150233494.jpg,0,3072,4096,RGB,0.0763955420000002,0.04672766600000067,0.12312320800000087,91
data/raw/real/IMG_20260404_164654229.jpg,0,3280,2464,RGB,0.0496198750000012,0.04635350000000038,0.09597337500000158,91
data/raw/real/IMG_20260405_190259308.jpg,0,3072,4096,RGB,0.07683045899999996,0.04757529200000121,0.12440575100000117,91
data/raw/real/IMG_20260406_205818084.jpg,0,4080,3072,RGB,0.07516079200000014,0.04875649999999965,0.12391729199999979,91
data/raw/real/IMG_20260410_102852664.jpg,0,3072,4096,RGB,0.0769163749999997,0.047424624999999665,0.12434099999999937,91
data/raw/real/IMG_20260410_102854995.jpg,0,3072,4096,RGB,0.07764045800000119,0.047335333000001256,0.12497579100000245,91
data/raw/real/IMG_20260413_113316148.jpg,0,2464,3280,RGB,0.05059462499999867,0.04806483299999975,0.09865945799999842,91
data/raw/real/IMG_20260421_182404638.jpg,0,4080,3072,RGB,0.07529124999999937,0.0467738750000013,0.12206512500000066,91
data/raw/real/IMG_20260426_184957614.jpg,0,4080,3072,RGB,0.07531183299999888,0.051098707999999604,0.1264105409999985,91
data/raw/real/IMG_20260502_204207554.jpg,0,4096,3072,RGB,0.0757024580000003,0.047209125000000185,0.12291158300000049,91
data/raw/real/IMG_20260503_145708312.jpg,0,4080,3072,RGB,0.07493266699999879,0.04737054200000124,0.12230320900000002,91
data/raw/real/IMG_20260517_154620142.jpg,0,3072,4096,RGB,0.07835899999999896,0.046606750000000474,0.12496574999999943,91
data/raw/real/IMG_20260517_154636504.jpg,0,3072,4096,RGB,0.07702262499999968,0.0468969579999996,0.12391958299999928,91
data/raw/real/IMG_20260517_154701627.jpg,0,3072,4096,RGB,0.07737579199999978,0.048145167000001265,0.12552095900000104,91
data/raw/real/IMG_20260523_215806268.jpg,0,3072,4080,RGB,0.07750129199999911,0.04771854100000006,0.12521983299999917,91
data/raw/real/IMG_20260523_215808262.jpg,0,3072,4080,RGB,0.07690616699999886,0.046892124999999396,0.12379829199999826,91
data/raw/real/IMG_20260530_092051155.jpg,0,3072,4080,RGB,0.0763808749999999,0.04666716700000073,0.12304804200000063,91
data/raw/real/IMG_20260531_211831452.jpg,0,3072,4096,RGB,0.07738454099999892,0.047239375000000194,0.12462391599999911,91
data/raw/real/IMG_20260602_120451123.jpg,0,3072,4096,RGB,0.07714608400000067,0.048016042000000425,0.1251621260000011,91
data/raw/real/IMG_20260606_141907246.jpg,0,4080,3072,RGB,0.0754741249999995,0.04744770799999998,0.12292183299999948,91
data/raw/real/IMG_20260606_141957221.jpg,0,3072,4080,RGB,0.07704187500000081,0.04678187500000064,0.12382375000000145,91
data/raw/real/IMG_20260606_163211765.jpg,0,4096,3072,RGB,0.07556341699999969,0.04779112499999982,0.12335454199999951,91
data/raw/real/IMG_20260606_174015961.jpg,0,4080,3072,RGB,0.07531720799999952,0.048520916999999386,0.12383812499999891,91
data/raw/real/IMG_20260607_071324524.jpg,0,2464,3280,RGB,0.05047020900000021,0.04751587500000021,0.09798608400000042,91
data/raw/real/IMG_20260613_085639615.jpg,0,3280,2464,RGB,0.04962429100000065,0.04863250000000008,0.09825679100000073,91
data/raw/real/IMG_20260613_104831663.jpg,0,3072,4096,RGB,0.0772043749999991,0.04756249999999973,0.12476687499999883,91
data/raw/real/IMG_20260613_171257863.jpg,0,4096,3072,RGB,0.07588662500000076,0.046628042000000036,0.1225146670000008,91
data/raw/real/IMG_20260613_171334497.jpg,0,4080,3072,RGB,0.07579416699999975,0.04677925000000016,0.1225734169999999,91
data/raw/real/IMG_20260613_205954749.jpg,0,4096,3072,RGB,0.07636733299999854,0.04668204200000048,0.12304937499999902,91
data/raw/real/IMG_20260617_132851732.jpg,0,3072,4096,RGB,0.07783933300000001,0.04766199999999898,0.125501332999999,91
data/raw/real/IMG_20260619_200104032.jpg,0,3072,4080,RGB,0.07703962500000117,0.04723870800000185,0.12427833300000302,91
data/raw/real/IMG_20260624_121935346.jpg,0,3072,4080,RGB,0.07717120799999933,0.048949500000002644,0.12612070800000197,91
data/raw/real/IMG_20260624_141714107.jpg,0,4080,3072,RGB,0.07546162499999909,0.04714983399999895,0.12261145899999804,91
data/raw/real/IMG_20260624_220612691.jpg,0,3072,4080,RGB,0.07666841699999694,0.04891099999999682,0.12557941699999375,91
data/raw/real/IMG_20260624_235856251.jpg,0,3072,4080,RGB,0.0775728330000014,0.04765487499999921,0.1252277080000006,91
data/raw/real/IMG_20260624_235900994.jpg,0,4080,3072,RGB,0.07591020799999981,0.047027917000001196,0.12293812500000101,91
data/raw/real/IMG_20260625_134010514.jpg,0,4080,3072,RGB,0.07545666700000098,0.048367375000001545,0.12382404200000252,91
data/raw/real/IMG_20260625_163206817.jpg,0,3072,4080,RGB,0.07713399999999737,0.047379459000001845,0.12451345899999922,91
data/raw/real/IMG_20260625_164509459.jpg,0,3072,4080,RGB,0.07682708400000138,0.04718087499999868,0.12400795900000006,91
data/raw/real/IMG_20260625_200416517.jpg,0,4080,3072,RGB,0.07496116699999789,0.04776216699999836,0.12272333399999624,91
data/raw/real/IMG_20260625_201038884.jpg,0,3280,2464,RGB,0.04968337500000075,0.04681229100000195,0.0964956660000027,91
data/raw/real/IMG_20260625_202022871.jpg,0,4080,3072,RGB,0.07536354199999806,0.04585108299999874,0.1212146249999968,91
data/raw/real/IMG_20260625_204326425.jpg,0,4080,3072,RGB,0.07491795799999679,0.04677183400000118,0.12168979199999796,91
data/raw/real/IMG_20260625_205732191.jpg,0,4080,3072,RGB,0.07514716700000079,0.04693112500000041,0.1220782920000012,91
data/raw/real/IMG_20260625_213104658.jpg,0,3072,4080,RGB,0.07871533400000175,0.047366707999998425,0.12608204200000017,91
data/raw/real/IMG_20260625_213124563.jpg,0,3072,4080,RGB,0.0767780000000009,0.04793087500000226,0.12470887500000316,91
data/raw/real/IMG_20260625_220633665.jpg,0,4080,3072,RGB,0.07586708299999856,0.04651141599999775,0.12237849899999631,91
data/raw/real/IMG_20260625_220849552.jpg,0,3072,4080,RGB,0.0770497920000004,0.048088457999998724,0.12513824999999912,91
data/raw/real/IMG_20260625_221104708.jpg,0,3072,4080,RGB,0.07735529200000002,0.0483312920000003,0.12568658400000032,91
data/raw/real/IMG_20260626_173126990.jpg,0,3280,2464,RGB,0.04979720799999754,0.046996207999999484,0.09679341599999702,91
data/raw/real/IMG_20260626_174519807.jpg,0,8160,6144,RGB,0.304480250000001,0.0524758750000025,0.3569561250000035,91
data/raw/real/IMG_20260626_180941925.jpg,0,8160,6144,RGB,0.2943352499999996,0.04992679199999728,0.3442620419999969,91
data/raw/real/IMG_20260626_181241691.jpg,0,3072,4080,RGB,0.07790187500000201,0.04760866699999866,0.12551054200000067,91
data/raw/real/IMG_20260626_181556807.jpg,0,4080,3072,RGB,0.07598904199999978,0.04763737500000076,0.12362641700000054,91
data/raw/real/IMG_20260626_182525944.jpg,0,4080,3072,RGB,0.075732833,0.047294000000000835,0.12302683300000083,91
data/raw/real/IMG_20260626_195526455.jpg,0,4080,3072,RGB,0.07539695900000254,0.04755729200000047,0.12295425100000301,91
data/raw/real/IMG_20260626_223044957.jpg,0,3072,4096,RGB,0.07759316599999977,0.047886083000001634,0.1254792490000014,91
data/raw/real/IMG_20260627_080113319.jpg,0,3280,2464,RGB,0.04946162499999929,0.04823329200000259,0.09769491700000188,91
data/raw/real/IMG_20260627_080402003.jpg,0,3072,4096,RGB,0.0774673330000013,0.04901141599999903,0.12647874900000033,91
data/raw/real/IMG_20260627_142254143.jpg,0,4080,3072,RGB,0.07563616699999898,0.04641774999999981,0.12205391699999879,91
data/raw/real/IMG_20260627_143432387.jpg,0,3072,4096,RGB,0.07705491599999803,0.04674941600000082,0.12380433199999885,91
data/raw/real/IMG_20260627_150623892.jpg,0,1080,1440,RGB,0.01103654099999929,0.047670957999997654,0.05870749899999694,91
data/raw/real/IMG_20260627_151359046.jpg,0,4096,3072,RGB,0.07716516600000034,0.047681166000000275,0.12484633200000061,91
data/raw/real/IMG_20260627_155626490.jpg,0,3072,4096,RGB,0.07743900000000181,0.04813295800000006,0.12557195800000187,91
data/raw/real/IMG_20260627_155727549.jpg,0,4096,3072,RGB,0.07576320800000147,0.04855583400000185,0.12431904200000332,91
data/raw/real/IMG_20260627_155730231.jpg,0,4096,3072,RGB,0.07596658299999959,0.05044920799999986,0.12641579099999944,91
data/raw/real/IMG_20260627_162026512.jpg,0,3280,2464,RGB,0.04999487499999944,0.04868224999999882,0.09867712499999826,91
data/raw/real/IMG_20260627_162040658.jpg,0,3280,2464,RGB,0.049468000000000956,0.04717058399999985,0.0966385840000008,91
data/raw/real/IMG_20260627_162155809.jpg,0,3072,4096,RGB,0.07841349999999991,0.045992541999996917,0.12440604199999683,91
data/raw/real/IMG_20260628_062919304.jpg,0,3072,4080,RGB,0.07880395799999818,0.04714574999999854,0.12594970799999672,91
data/raw/real/IMG_20260628_142822347.jpg,0,3072,4096,RGB,0.0773214590000002,0.04657737500000181,0.12389883400000201,91
data/raw/real/IMG_20260630_212736023.jpg,0,3072,4096,RGB,0.07843120900000145,0.04724162500000162,0.12567283400000306,91
data/raw/real/IMG_20260630_212755887.jpg,0,3072,4096,RGB,0.07724466700000221,0.047519167000000806,0.12476383400000302,91
data/raw/real/IMG_20260630_212803456.jpg,0,3072,4096,RGB,0.07838341700000129,0.04686720799999833,0.12525062499999962,91
data/raw/real/IMG_20260630_212808605.jpg,0,3072,4096,RGB,0.07754029099999826,0.04822499999999863,0.1257652909999969,91
data/raw/real/IMG_20260630_212832879.jpg,0,3072,4080,RGB,0.07693741599999981,0.04720070800000187,0.12413812400000168,91
data/raw/real/IMG_20260630_212857334.jpg,0,4080,3072,RGB,0.07542508299999895,0.04831649999999854,0.12374158299999749,91
data/raw/real/IMG_20260630_213016563.jpg,0,3072,4096,RGB,0.07724820800000032,0.04856870800000124,0.12581691600000156,91
data/raw/real/IMG_20260630_213021936.jpg,0,3072,4096,RGB,0.07739470799999992,0.04768966600000013,0.12508437400000005,91
data/raw/real/IMG_20260630_213043859.jpg,0,3072,4080,RGB,0.07766716600000123,0.04853395900000024,0.12620112500000147,91
data/raw/real/IMG_20260630_213055563.jpg,0,4080,3072,RGB,0.07639174999999909,0.047462708000001186,0.12385445800000028,91
data/raw/real/IMG_20260630_213132306.jpg,0,3072,4080,RGB,0.07736599999999783,0.04763658300000273,0.12500258300000056,91
data/raw/real/IMG_20260630_213136502.jpg,0,3072,4080,RGB,0.07728449999999754,0.047981083999999896,0.12526558399999743,91
data/raw/real/IMG_20260630_213142539.jpg,0,3072,4080,RGB,0.0774445830000019,0.04876249999999871,0.1262070830000006,91
data/raw/real/IMG_20260630_213148521.jpg,0,3072,4096,RGB,0.0780065840000006,0.04742883300000145,0.12543541700000205,91
data/raw/real/IMG_20260630_213156642.jpg,0,3072,4096,RGB,0.07784612500000065,0.0473893330000017,0.12523545800000235,91
data/raw/real/IMG_20260630_213202104.jpg,0,3072,4096,RGB,0.07843304200000034,0.04883799999999994,0.12727104200000028,91
data/raw/real/IMG_20260630_213229034.jpg,0,3072,4096,RGB,0.0774838750000022,0.04663554200000064,0.12411941700000284,91
data/raw/real/IMG_20260630_213301828.jpg,0,2464,3280,RGB,0.05129995800000131,0.04677679199999929,0.0980767500000006,91
data/raw/real/IMG_20260630_213314900.jpg,0,2464,3280,RGB,0.05111508300000267,0.05021041599999876,0.10132549900000143,91
data/raw/real/IMG_20260630_213316728.jpg,0,2464,3280,RGB,0.05116679099999999,0.04636304199999941,0.0975298329999994,91
data/raw/real/IMG_20260630_213325443.jpg,0,2464,3280,RGB,0.05087412499999999,0.04576954199999861,0.0966436669999986,91
data/raw/real/IMG_20260630_213332935.jpg,0,2464,3280,RGB,0.05111558400000149,0.04596308300000018,0.09707866700000167,91
data/raw/real/IMG_20260630_213336034.jpg,0,2464,3280,RGB,0.05104920800000201,0.04682137500000039,0.0978705830000024,91
data/raw/real/IMG_20260630_213339012.jpg,0,2464,3280,RGB,0.051275000000000404,0.046555291000000665,0.09783029100000107,91
data/raw/real/IMG_20260630_213344451.jpg,0,2464,3280,RGB,0.05168229099999877,0.04622291700000147,0.09790520800000024,91
data/raw/real/IMG_20260630_213348457.jpg,0,2464,3280,RGB,0.050906208999997205,0.047239125000000826,0.09814533399999803,91
data/raw/screen/IMG_20260701_160623084.jpg,1,4080,3072,RGB,0.07589441700000066,0.046579167000000865,0.12247358400000152,91
data/raw/screen/IMG_20260701_160630246.jpg,1,4080,3072,RGB,0.07553537500000118,0.048112958000000816,0.123648333000002,91
data/raw/screen/IMG_20260701_160635023.jpg,1,4080,3072,RGB,0.07556104200000036,0.047875916000002405,0.12343695800000276,91
data/raw/screen/IMG_20260701_160637063.jpg,1,4080,3072,RGB,0.07613754100000136,0.04931529199999929,0.12545283300000065,91
data/raw/screen/IMG_20260701_160639908.jpg,1,4080,3072,RGB,0.0872619169999993,0.0483777080000003,0.1356396249999996,91
data/raw/screen/IMG_20260701_160644497.jpg,1,4080,3072,RGB,0.07874429100000313,0.05160395800000117,0.1303482490000043,91
data/raw/screen/IMG_20260701_160650940.jpg,1,4080,3072,RGB,0.07611816700000062,0.046491791000001115,0.12260995800000174,91
data/raw/screen/IMG_20260701_160652432.jpg,1,4080,3072,RGB,0.07654975000000164,0.04858229199999897,0.1251320420000006,91
data/raw/screen/IMG_20260701_160704010.jpg,1,4080,3072,RGB,0.07577162500000156,0.04753541699999886,0.12330704200000042,91
data/raw/screen/IMG_20260701_160705574.jpg,1,4080,3072,RGB,0.0767275000000005,0.04768441700000281,0.12441191700000331,91
data/raw/screen/IMG_20260701_160706711.jpg,1,4080,3072,RGB,0.07558412499999889,0.047653207999999836,0.12323733299999873,91
data/raw/screen/IMG_20260701_160708011.jpg,1,4080,3072,RGB,0.07598716700000097,0.0468601669999984,0.12284733399999936,91
data/raw/screen/IMG_20260701_160709371.jpg,1,4080,3072,RGB,0.0760434169999975,0.04723991700000241,0.12328333399999991,91
data/raw/screen/IMG_20260701_160710467.jpg,1,4080,3072,RGB,0.07604120799999947,0.046951291999999256,0.12299249999999873,91
data/raw/screen/IMG_20260701_160712045.jpg,1,4080,3072,RGB,0.07600808300000139,0.04715470800000077,0.12316279100000216,91
data/raw/screen/IMG_20260701_160713315.jpg,1,4080,3072,RGB,0.07758916599999921,0.0472635419999996,0.12485270799999881,91
data/raw/screen/IMG_20260701_160715147.jpg,1,4080,3072,RGB,0.07590770900000265,0.04728308299999995,0.1231907920000026,91
data/raw/screen/IMG_20260701_160717637.jpg,1,4080,3072,RGB,0.07620187499999886,0.04643404100000126,0.12263591600000012,91
data/raw/screen/IMG_20260701_160719155.jpg,1,4080,3072,RGB,0.08158954199999968,0.0470945829999998,0.12868412499999948,91
data/raw/screen/IMG_20260701_160722911.jpg,1,4080,3072,RGB,0.07670166699999825,0.04640150000000176,0.12310316700000001,91
data/raw/screen/IMG_20260701_160729140.jpg,1,4080,3072,RGB,0.07629375000000138,0.0475822920000013,0.12387604200000268,91
data/raw/screen/IMG_20260701_160730768.jpg,1,4080,3072,RGB,0.07673383300000225,0.04668008299999826,0.12341391600000051,91
data/raw/screen/IMG_20260701_160922085.jpg,1,4080,3072,RGB,0.07566487500000108,0.04785874999999962,0.12352362500000069,91
data/raw/screen/IMG_20260701_160924025.jpg,1,4080,3072,RGB,0.07580812500000178,0.04714424999999878,0.12295237500000056,91
data/raw/screen/IMG_20260701_160925154.jpg,1,4080,3072,RGB,0.07573787499999796,0.04700329199999942,0.12274116699999738,91
data/raw/screen/IMG_20260701_160926150.jpg,1,4080,3072,RGB,0.07570854099999735,0.04847316700000093,0.12418170799999828,91
data/raw/screen/IMG_20260701_160927437.jpg,1,4080,3072,RGB,0.07574658300000081,0.04899470899999869,0.1247412919999995,91
data/raw/screen/IMG_20260701_160928600.jpg,1,4080,3072,RGB,0.0759070419999972,0.04746708299999369,0.1233741249999909,91
data/raw/screen/IMG_20260701_160949829.jpg,1,4080,3072,RGB,0.07943579199999817,0.04627995799999951,0.12571574999999768,91
data/raw/screen/IMG_20260701_160951232.jpg,1,4080,3072,RGB,0.07611237500000101,0.04609024999999889,0.1222026249999999,91
data/raw/screen/IMG_20260701_160952569.jpg,1,4080,3072,RGB,0.07599375000000208,0.04601170800000176,0.12200545800000384,91
data/raw/screen/IMG_20260701_160954744.jpg,1,4080,3072,RGB,0.07599562500000445,0.04613704199999802,0.12213266700000247,91
data/raw/screen/IMG_20260701_161002206.jpg,1,4080,3072,RGB,0.07577162500000156,0.04670062499999972,0.12247225000000128,91
data/raw/screen/IMG_20260701_161003943.jpg,1,4080,3072,RGB,0.07614870799999807,0.046705457999998146,0.12285416599999621,91
data/raw/screen/IMG_20260701_161006450.jpg,1,4080,3072,RGB,0.07567391599999951,0.0494019170000044,0.1250758330000039,91
data/raw/screen/IMG_20260701_161008442.jpg,1,4080,3072,RGB,0.07592462499999897,0.04662129199999754,0.12254591699999651,91
data/raw/screen/IMG_20260701_161009675.jpg,1,4080,3072,RGB,0.07687500000000114,0.046079415999997764,0.1229544159999989,91
data/raw/screen/IMG_20260701_161011043.jpg,1,4080,3072,RGB,0.0757998750000013,0.04596895800000311,0.1217688330000044,91
data/raw/screen/IMG_20260701_161020759.jpg,1,4080,3072,RGB,0.07583833300000009,0.04606991600000043,0.12190824900000052,91
data/raw/screen/IMG_20260701_161022652.jpg,1,1440,1080,RGB,0.010606791999997256,0.047344957999996495,0.05795174999999375,91
data/raw/screen/IMG_20260701_182254526.jpg,1,4080,3072,RGB,0.07592141700000354,0.048248499999999694,0.12416991700000324,91
data/raw/screen/IMG_20260701_182259522.jpg,1,4080,3072,RGB,0.07646679199999795,0.04806012499999923,0.12452691699999718,91
data/raw/screen/IMG_20260701_182302751.jpg,1,4080,3072,RGB,0.08121345800000057,0.04803854200000046,0.12925200000000103,91
data/raw/screen/IMG_20260701_182305051.jpg,1,4080,3072,RGB,0.07583208300000166,0.0478065830000034,0.12363866600000506,91
data/raw/screen/IMG_20260701_182309712.jpg,1,4080,3072,RGB,0.07669887499999817,0.04753862500000139,0.12423749999999956,91
data/raw/screen/IMG_20260701_182314040.jpg,1,4080,3072,RGB,0.07606008400000519,0.0470761250000038,0.12313620900000899,91
data/raw/screen/IMG_20260701_182316086.jpg,1,4080,3072,RGB,0.07663129200000185,0.047478874999995924,0.12411016699999777,91
data/raw/screen/IMG_20260701_182317343.jpg,1,4080,3072,RGB,0.07612637500000119,0.0473016250000029,0.12342800000000409,91
data/raw/screen/IMG_20260701_182339414.jpg,1,4080,3072,RGB,0.07625112499999886,0.04675600000000202,0.12300712500000088,91
data/raw/screen/IMG_20260701_182416591.jpg,1,4080,3072,RGB,0.0762828330000005,0.04721691700000008,0.12349975000000057,91
data/raw/screen/IMG_20260701_182419119.jpg,1,4080,3072,RGB,0.0763224999999963,0.046019833000002563,0.12234233299999886,91
data/raw/screen/IMG_20260701_182424168.jpg,1,4080,3072,RGB,0.07576499999999697,0.04628741700000205,0.12205241699999902,91
data/raw/screen/IMG_20260701_182425682.jpg,1,4080,3072,RGB,0.081318416000002,0.047054916999996976,0.12837333299999898,91
data/raw/screen/IMG_20260701_182427375.jpg,1,4080,3072,RGB,0.0758914590000046,0.045712249999994015,0.12160370899999862,91
data/raw/screen/IMG_20260701_182429792.jpg,1,4080,3072,RGB,0.07624479100000059,0.046731540999999766,0.12297633200000035,91
data/raw/screen/IMG_20260701_182431065.jpg,1,4080,3072,RGB,0.07620975000000385,0.04769620900000149,0.12390595900000534,91
data/raw/screen/IMG_20260701_182432685.jpg,1,4080,3072,RGB,0.07587558299999841,0.04753279100000185,0.12340837400000026,91
data/raw/screen/IMG_20260701_182943225.jpg,1,4080,3072,RGB,0.07581229200000195,0.046363417000002016,0.12217570900000396,91
data/raw/screen/IMG_20260701_182945661.jpg,1,4080,3072,RGB,0.07649299999999926,0.04735174999999714,0.1238447499999964,91
data/raw/screen/IMG_20260701_182947004.jpg,1,4080,3072,RGB,0.07591449999999611,0.04742779100000405,0.12334229100000016,91
data/raw/screen/IMG_20260701_182948197.jpg,1,4080,3072,RGB,0.07565366699999743,0.04633795799999518,0.12199162499999261,91
data/raw/screen/IMG_20260701_182949407.jpg,1,4080,3072,RGB,0.07715116699999669,0.04744124999999855,0.12459241699999524,91
data/raw/screen/IMG_20260701_182950490.jpg,1,4080,3072,RGB,0.07591920800000196,0.04612379200000305,0.12204300000000501,91
data/raw/screen/IMG_20260701_182951817.jpg,1,4080,3072,RGB,0.07649874999999895,0.04707187500000032,0.12357062499999927,91
data/raw/screen/IMG_20260701_182953670.jpg,1,4080,3072,RGB,0.07621341699999817,0.04670491699999957,0.12291833399999774,91
data/raw/screen/IMG_20260701_182954734.jpg,1,4080,3072,RGB,0.075780917000003,0.04699683300000146,0.12277775000000446,91
data/raw/screen/IMG_20260701_182956033.jpg,1,4080,3072,RGB,0.08361783400000178,0.04857662500000259,0.13219445900000437,91
data/raw/screen/IMG_20260701_182957033.jpg,1,4080,3072,RGB,0.0773565000000005,0.04740795800000086,0.12476445800000135,91
data/raw/screen/IMG_20260701_182958037.jpg,1,4080,3072,RGB,0.07633133400000247,0.047235583999999164,0.12356691800000164,91
data/raw/screen/IMG_20260701_182959157.jpg,1,4080,3072,RGB,0.07597437499999415,0.04697645899999969,0.12295083399999385,91
data/raw/screen/IMG_20260701_183003477.jpg,1,4080,3072,RGB,0.0760615410000014,0.04775154200000031,0.12381308300000171,91
data/raw/screen/IMG_20260701_183004954.jpg,1,4080,3072,RGB,0.07584854099999916,0.04732345800000104,0.1231719990000002,91
data/raw/screen/IMG_20260701_183006174.jpg,1,4080,3072,RGB,0.07583999999999946,0.047345333000002654,0.12318533300000212,91
data/raw/screen/IMG_20260701_183007302.jpg,1,4080,3072,RGB,0.07583012499999597,0.046999708000001306,0.12282983299999728,91
data/raw/screen/IMG_20260701_183008612.jpg,1,4080,3072,RGB,0.0759744590000011,0.04678866700000128,0.12276312600000239,91
data/raw/screen/IMG_20260701_183010005.jpg,1,4080,3072,RGB,0.07613795799999679,0.047731917000000124,0.12386987499999691,91
data/raw/screen/IMG_20260701_183011374.jpg,1,4080,3072,RGB,0.07653329199999348,0.052668916000001786,0.12920220799999527,91
data/raw/screen/IMG_20260701_183013320.jpg,1,4080,3072,RGB,0.07905154199999487,0.04960175000000078,0.12865329199999564,91
data/raw/screen/IMG_20260701_183017598.jpg,1,4080,3072,RGB,0.07613508299999694,0.04686354199999698,0.12299862499999392,91
data/raw/screen/IMG_20260701_183021723.jpg,1,4080,3072,RGB,0.07701012500000104,0.04744887500000061,0.12445900000000165,91
data/raw/screen/IMG_20260701_183026138.jpg,1,4080,3072,RGB,0.07589775000000287,0.04703274999999962,0.1229305000000025,91
data/raw/screen/IMG_20260701_183032782.jpg,1,4080,3072,RGB,0.07627674999999812,0.04672695800000071,0.12300370799999882,91
data/raw/screen/IMG_20260701_183036479.jpg,1,4080,3072,RGB,0.07582204200000575,0.04778987499999943,0.12361191700000518,91
data/raw/screen/IMG_20260701_183040799.jpg,1,4080,3072,RGB,0.07604054200000121,0.04696920800000015,0.12300975000000136,91
data/raw/screen/IMG_20260701_183042636.jpg,1,4080,3072,RGB,0.07584041700000199,0.04785095900000158,0.12369137600000357,91
data/raw/screen/IMG_20260701_183044380.jpg,1,4080,3072,RGB,0.07610700000000037,0.04703204199999789,0.12313904199999826,91
data/raw/screen/IMG_20260701_183054349.jpg,1,4080,3072,RGB,0.07595212500000059,0.04635991700000375,0.12231204200000434,91
data/raw/screen/IMG_20260701_183055644.jpg,1,4080,3072,RGB,0.07577058400000425,0.04682358299999834,0.12259416700000259,91
data/raw/screen/IMG_20260701_183056803.jpg,1,4080,3072,RGB,0.0763229160000023,0.046872917000001735,0.12319583300000403,91
data/raw/screen/IMG_20260701_183104293.jpg,1,4080,3072,RGB,0.0763707079999989,0.047900875000003396,0.1242715830000023,91
data/raw/screen/IMG_20260701_183106649.jpg,1,4080,3072,RGB,0.07589349999999939,0.0482925829999985,0.1241860829999979,91
data/raw/screen/IMG_20260701_183119240.jpg,1,4080,3072,RGB,0.07570954099999483,0.04683683300000041,0.12254637399999524,91
data/raw/screen/IMG_20260701_183132181.jpg,1,4080,3072,RGB,0.07595158299999838,0.04618916599999778,0.12214074899999616,91
data/raw/screen/IMG_20260701_183133544.jpg,1,4080,3072,RGB,0.07657120800000428,0.04756495900000601,0.12413616700001029,91
data/raw/screen/IMG_20260701_183135479.jpg,1,4080,3072,RGB,0.07640666700000054,0.04727445800000396,0.1236811250000045,91
data/raw/screen/IMG_20260701_183136864.jpg,1,4080,3072,RGB,0.07639400000000052,0.046883790999999064,0.12327779099999958,91
data/raw/screen/IMG_20260701_183138171.jpg,1,4080,3072,RGB,0.07606333399999698,0.04726541600000189,0.12332874999999888,91
data/raw/screen/IMG_20260701_183139356.jpg,1,4080,3072,RGB,0.07611870800000275,0.04744991599999793,0.12356862400000068,91
data/raw/screen/IMG_20260701_183140553.jpg,1,4080,3072,RGB,0.07623608299999773,0.04714270799999554,0.12337879099999327,91
data/raw/screen/IMG_20260701_183142932.jpg,1,4080,3072,RGB,0.07622862500000593,0.04785212499999858,0.12408075000000451,91
data/raw/screen/IMG_20260701_183144014.jpg,1,4080,3072,RGB,0.07617133399999432,0.05203120800000249,0.1282025419999968,91
data/raw/screen/IMG_20260701_183146529.jpg,1,4080,3072,RGB,0.07682266599999821,0.04901629199999746,0.12583895799999567,91
data/raw/screen/IMG_20260701_183147866.jpg,1,4080,3072,RGB,0.07652145899999852,0.047211666999999125,0.12373312599999764,91
data/raw/screen/IMG_20260701_183149243.jpg,1,4080,3072,RGB,0.0762555419999984,0.0478816660000021,0.1241372080000005,91
data/raw/screen/IMG_20260701_183153022.jpg,1,4080,3072,RGB,0.07676916599999828,0.046914166000000534,0.12368333199999881,91
data/raw/screen/IMG_20260701_183156153.jpg,1,4080,3072,RGB,0.07631316700000212,0.04698262499999828,0.1232957920000004,91
data/raw/screen/IMG_20260701_183201114.jpg,1,4080,3072,RGB,0.07635141699999792,0.04746266600000126,0.12381408299999919,91
data/raw/screen/IMG_20260701_183221506.jpg,1,4080,3072,RGB,0.07644483400000013,0.04788837499999943,0.12433320899999956,91
data/raw/screen/IMG_20260701_183233051.jpg,1,4080,3072,RGB,0.07643345900000043,0.04880095800000106,0.12523441700000149,91
data/raw/screen/IMG_20260701_183234186.jpg,1,4080,3072,RGB,0.07714704099999636,0.049683708999999965,0.12683074999999633,91
data/raw/screen/IMG_20260701_183235177.jpg,1,4080,3072,RGB,0.07625499999999619,0.04718629100000271,0.1234412909999989,91
data/raw/screen/IMG_20260701_183236251.jpg,1,4080,3072,RGB,0.07625291699999792,0.04642304100000416,0.12267595800000208,91
data/raw/screen/IMG_20260701_183238198.jpg,1,4080,3072,RGB,0.07638679200000098,0.048260124999998766,0.12464691699999975,91
data/raw/screen/IMG_20260701_183239545.jpg,1,4080,3072,RGB,0.07629899999999878,0.046413749999999254,0.12271274999999804,91
data/raw/screen/IMG_20260701_183240686.jpg,1,4080,3072,RGB,0.07605575000000186,0.0468332920000023,0.12288904200000417,91
data/raw/screen/IMG_20260701_183241964.jpg,1,4080,3072,RGB,0.07621570799999944,0.04761133299999898,0.12382704099999842,91
data/raw/screen/IMG_20260701_183243100.jpg,1,4080,3072,RGB,0.0761946249999994,0.0472946660000062,0.12348929100000561,91
data/raw/screen/IMG_20260701_183244283.jpg,1,4080,3072,RGB,0.07680025000000512,0.04645620799999506,0.12325645800000018,91
data/raw/screen/IMG_20260701_183245351.jpg,1,4080,3072,RGB,0.07663429099999775,0.04829654099999914,0.12493083199999688,91
data/raw/screen/IMG_20260701_183246291.jpg,1,4080,3072,RGB,0.0763371249999949,0.04682558300000039,0.12316270799999529,91
data/raw/screen/IMG_20260701_183247344.jpg,1,4080,3072,RGB,0.07607733300000064,0.04738674999999404,0.12346408299999467,91
data/raw/screen/IMG_20260701_183248335.jpg,1,4080,3072,RGB,0.0759830000000008,0.04753195899999696,0.12351495899999776,91
data/raw/screen/IMG_20260701_183250969.jpg,1,4080,3072,RGB,0.07581466700000306,0.04786483400000208,0.12367950100000513,91
data/raw/screen/IMG_20260701_183251986.jpg,1,4080,3072,RGB,0.07631487499999423,0.04715033300000471,0.12346520799999894,91
data/raw/screen/IMG_20260701_183253410.jpg,1,4080,3072,RGB,0.07622262499999977,0.04818720800000165,0.12440983300000141,91
data/raw/screen/IMG_20260701_183254612.jpg,1,4080,3072,RGB,0.07633095899999631,0.04741954099999646,0.12375049999999277,91
data/raw/screen/IMG_20260701_183255909.jpg,1,4080,3072,RGB,0.07607333299999652,0.04708270799999781,0.12315604099999433,91
data/raw/screen/IMG_20260701_183258278.jpg,1,4080,3072,RGB,0.07604029200000184,0.047060708000003615,0.12310100000000546,91
data/raw/screen/IMG_20260701_183302454.jpg,1,4080,3072,RGB,0.07608212499999922,0.04616804199999791,0.12225016699999713,91
data/raw/screen/IMG_20260701_183306815.jpg,1,4080,3072,RGB,0.07553591699999629,0.04670962499999831,0.1222455419999946,91
data/raw/screen/IMG_20260701_183312850.jpg,1,3280,2464,RGB,0.050231959000001325,0.048779291999998975,0.0990112510000003,91
data/raw/screen/IMG_20260701_183316333.jpg,1,3280,2464,RGB,0.05577695800000271,0.05132625000000246,0.10710320800000517,91
data/raw/screen/IMG_20260701_183318445.jpg,1,3280,2464,RGB,0.05610091700000197,0.052110165999998515,0.10821108300000049,91
data/raw/screen/IMG_20260701_183320268.jpg,1,3280,2464,RGB,0.0548031249999994,0.05329150000000027,0.10809462499999967,91
data/raw/screen/IMG_20260701_183324940.jpg,1,3280,2464,RGB,0.05477337499999635,0.050643125000000566,0.10541649999999692,91
data/raw/screen/IMG_20260701_183329235.jpg,1,3280,2464,RGB,0.054530833000001167,0.05466066699999317,0.10919149999999433,91
data/raw/screen/IMG_20260701_183338713.jpg,1,3280,2464,RGB,0.05570316699999722,0.053906333999997,0.10960950099999422,91
data/raw/screen/IMG_20260701_183339887.jpg,1,3280,2464,RGB,0.05185429199999447,0.05391587500000128,0.10577016699999575,91
data/raw/screen/IMG_20260701_183340850.jpg,1,3280,2464,RGB,0.05049662500000096,0.047279166999999234,0.0977757920000002,91
data/raw/screen/IMG_20260701_183342271.jpg,1,3280,2464,RGB,0.05020091700000506,0.047367999999998744,0.09756891700000381,91
data/raw/screen/IMG_20260701_183343986.jpg,1,3280,2464,RGB,0.050384915999998725,0.04735941700000268,0.0977443330000014,91
data/raw/screen/IMG_20260701_183345649.jpg,1,3280,2464,RGB,0.050482667000004255,0.049104915999997445,0.0995875830000017,91
data/raw/screen/IMG_20260701_183349631.jpg,1,3280,2464,RGB,0.05004329100000149,0.046549124999998526,0.09659241600000001,91
data/raw/screen/IMG_20260701_183352141.jpg,1,3280,2464,RGB,0.05012320800000225,0.04734933299999966,0.09747254100000191,91
data/raw/screen/IMG_20260701_183353418.jpg,1,3280,2464,RGB,0.05006358299999647,0.04791937499999932,0.09798295799999579,91
data/raw/screen/IMG_20260701_183358349.jpg,1,3280,2464,RGB,0.049998875,0.04677762499999716,0.09677649999999716,91
data/raw/screen/IMG_20260701_183401911.jpg,1,3280,2464,RGB,0.050291500000000156,0.046707084000004784,0.09699858400000494,91
data/raw/screen/IMG_20260701_183405096.jpg,1,3280,2464,RGB,0.05012491600000146,0.04673054199999882,0.09685545800000028,91
data/raw/screen/IMG_20260701_183407619.jpg,1,3280,2464,RGB,0.05011412500000034,0.04774725000000046,0.0978613750000008,91
data/raw/screen/IMG_20260701_183411807.jpg,1,3280,2464,RGB,0.050080124999993814,0.04748708300000004,0.09756720799999385,91
data/raw/screen/IMG_20260701_183418306.jpg,1,3280,2464,RGB,0.050150750000000244,0.047265750000001105,0.09741650000000135,91
data/raw/screen/IMG_20260701_183426559.jpg,1,3280,2464,RGB,0.04998295799999397,0.04664845799999995,0.09663141599999392,91
data/raw/screen/IMG_20260701_183434861.jpg,1,3280,2464,RGB,0.05004654199999692,0.04674749999999506,0.09679404199999198,91
data/raw/screen/IMG_20260701_183440488.jpg,1,3280,2464,RGB,0.0516906249999991,0.053707916000000466,0.10539854099999957,91
data/raw/screen/IMG_20260701_183442481.jpg,1,3280,2464,RGB,0.05895375000000058,0.049175791999999774,0.10812954200000036,91
data/raw/screen/IMG_20260701_183444329.jpg,1,3280,2464,RGB,0.050285957999996356,0.052706041000000425,0.10299199899999678,91
data/raw/screen/IMG_20260701_183446855.jpg,1,3280,2464,RGB,0.04995354199999724,0.048187749999996754,0.098141291999994,91
data/raw/screen/IMG_20260701_183448855.jpg,1,3280,2464,RGB,0.05003641599999753,0.04666849999999556,0.09670491599999309,91
data/raw/screen/IMG_20260701_183450787.jpg,1,3280,2464,RGB,0.050044082999995965,0.04660737499999357,0.09665145799998953,91
data/raw/screen/IMG_20260701_183452971.jpg,1,3280,2464,RGB,0.05047833300000093,0.04741412499999598,0.0978924579999969,91
data/raw/screen/IMG_20260701_183455110.jpg,1,3280,2464,RGB,0.05112079100000244,0.046515582999994365,0.0976363739999968,91
data/raw/screen/IMG_20260701_183457847.jpg,1,3280,2464,RGB,0.050010500000006175,0.04663779200000562,0.09664829200001179,91
data/raw/screen/IMG_20260701_183459928.jpg,1,3280,2464,RGB,0.05021516700000461,0.04649645800000002,0.09671162500000463,91
data/raw/screen/IMG_20260701_183501466.jpg,1,3280,2464,RGB,0.050491624999999374,0.04711174999999912,0.0976033749999985,91
data/raw/screen/IMG_20260701_183503417.jpg,1,3280,2464,RGB,0.05035450000000452,0.04659395799999544,0.09694845799999996,91
data/raw/screen/IMG_20260701_183505887.jpg,1,3280,2464,RGB,0.05016712500000153,0.0473227499999993,0.09748987500000084,91
data/raw/screen/IMG_20260701_183508417.jpg,1,3280,2464,RGB,0.05038387500000141,0.04740470800000196,0.09778858300000337,91
data/raw/screen/IMG_20260701_183510415.jpg,1,3280,2464,RGB,0.05004579199999881,0.04736000000000473,0.09740579200000354,91
data/raw/screen/IMG_20260701_183512081.jpg,1,3280,2464,RGB,0.050225333000000205,0.04629570800000238,0.09652104100000258,91
data/raw/screen/IMG_20260701_183514363.jpg,1,3280,2464,RGB,0.04994508400000086,0.046881374999998116,0.09682645899999898,91
data/raw/screen/IMG_20260701_183519177.jpg,1,3280,2464,RGB,0.05057962499999746,0.04679087499999923,0.0973704999999967,91
data/raw/screen/IMG_20260701_183522598.jpg,1,3280,2464,RGB,0.05010862500000002,0.04693195799999472,0.09704058299999474,91
